Time (min),Mean Intensity (A.U.),Protein Concentration (ng per ÂµL),Protein Concentration (nM),Number of Protein Molecules,Rate of Change of Number of Protein Molecules (PM per min)
0.0,0.0,0.0,0.0,0.0,272010410.6699390
0.5,0.30351686477661100,0.011073090467688800,0.11333767111247900,136005205.3349700,242531159.9274730
1.0,0.5412461757659910,0.019746078604095100,0.20210929993956100,242531159.9274730,-16127997.197089800
1.5,0.26752471923828100,0.009760002695892390,0.09989767344823620,119877208.13788000,-101013491.85767100
2.0,0.31581878662109400,0.011521896808683000,0.1179313900581710,141517668.06980100,111288330.09795900
2.5,0.5158820152282720,0.01882072757136790,0.1926379485298680,231165538.23583900,58666842.44260810
3.0,0.4467430114746090,0.01629835556421870,0.1668204254270090,200184510.51240900,25842593.67255050
3.5,0.5735538005828860,0.020924745406208000,0.2141734432569930,257008131.90838900,17692058.87463390
4.0,0.48622560501098600,0.017738784024261800,0.18156380782253800,217876569.3870430,18412125.52126210
4.5,0.6146433353424070,0.02242379929239750,0.2295168811913800,275420257.4296520,5530197.313961890
5.0,0.4985671043396000,0.0181890342555735,0.1861723055841720,223406766.7010050,-20606619.436454400
5.5,0.5686564445495610,0.020746077026612800,0.21234469832766900,254813637.99319700,30537770.079975800
6.0,0.5667169094085690,0.020675317702918200,0.21162044731748600,253944536.78098100,-25679136.407072500
6.5,0.5113494396209720,0.018655367337470300,0.19094541798844100,229134501.58612500,18715963.732393500
7.0,0.6084845066070560,0.022199109083463900,0.2272170837611470,272660500.5133740,94464517.757027
7.5,0.7221617698669430,0.02634635349152160,0.26966584945262900,323599019.34315200,35415954.52385180
8.0,0.6875207424163820,0.025082558047614200,0.25673037919769100,308076455.0372260,-76104313.95538600
8.5,0.5523231029510500,0.02015019393032060,0.2062455878231400,247494705.3877660,22142690.392721700
9.0,0.7369356155395510,0.026885342090421600,0.2751826211916250,330219145.4299480,46643866.14018880
9.5,0.6564161777496340,0.023947782031901000,0.24511547627329800,294138571.5279540,28705659.854005700
10.0,0.8009967803955080,0.02922246123020190,0.2991040044032970,358924805.2839540,89390184.59457190
10.5,0.8559043407440190,0.03122563289430900,0.31960729676877300,383528756.1225260,54119525.41781460
11.0,0.9217729568481450,0.0336286925913023,0.34420360891814300,413044330.7017680,64710701.54247280
11.5,1.0003163814544700,0.03649416251155870,0.37353288138750100,448239457.6649990,55979840.03469220
12.0,1.0467007160186800,0.03818638456746020,0.39085347561372100,469024170.7364600,50537567.77268730
12.5,1.1130988597869900,0.040608762821051600,0.4156475211980750,498777025.4376860,34253271.24265620
13.0,1.1231422424316400,0.04097517173446640,0.4193978683159370,503277441.97911700,89750538.42232930
13.5,1.3133912086486800,0.047915952490936300,0.4904396365500180,588527563.8600160,141450468.97176800
14.0,1.4388110637664800,0.05249159741658450,0.5372732591257370,644727910.9508840,62210660.05912610
14.5,1.4522240161895800,0.052980937064083500,0.5422818532659510,650738223.9191420,49783634.49000730
15.0,1.5499110221862800,0.056544814991312600,0.5787596212007460,694511545.4408920,70294957.27233760
15.5,1.609098196029660,0.058704118168672900,0.6008609843262360,721033181.1914790,40051196.60059970
16.0,1.639291524887090,0.059805649914544700,0.6121356183679120,734562742.0414910,66209273.479011700
16.5,1.75685453414917,0.06409465651775580,0.6560353788920780,787242454.670491,82287806.15720090
17.0,1.8229296207428000,0.06650524879917690,0.6807087901655780,816850548.1986920,27326315.569938300
17.5,1.8178374767303500,0.06631947404374160,0.6788073085336920,814568770.2404290,119511512.56942300
18.0,2.0896382331848100,0.0762354777808707,0.780301717306763,936362060.768115,130280782.32908200
18.5,2.108579397201540,0.07692650107170110,0.7873746271412610,944849552.5695120,91046872.05588910
19.0,2.292823553085330,0.08364821061408770,0.8561741106866700,1027408932.8240000,41144864.59192730
19.5,2.2004005908966100,0.08027637879722720,0.8216620143012000,985994417.1614390,73994646.88253830
20.0,2.457954168319700,0.089672608114441,0.9178363164221220,1101403579.7065400,153717242.31983000
20.5,2.5434446334838900,0.09279152427609990,0.9497597162343890,1139711659.4812700,71627294.23823050
21.0,2.6178016662597700,0.09550426365367030,0.9775257282873110,1173030873.944770,137934321.5720870
21.5,2.851266622543340,0.10402167695742700,1.0647049842111300,1277645981.0533600,123455747.06896100
22.0,2.893312454223630,0.10555561906086800,1.0804055175114500,1296486621.013730,137305812.36109300
22.5,3.1576859951019300,0.11520065851382600,1.1791264945120400,1414951793.4144500,107198372.91206800
23.0,3.132542371749880,0.11428335325545900,1.1697374949381700,1403684993.9258000,56055051.74377660
23.5,3.2827816009521500,0.11976447397663200,1.2258390376318500,1471006845.1582200,180274667.73312200
24.0,3.534853458404540,0.12896071578673100,1.319966384715770,1583959661.658920,184544427.91103900
24.5,3.6946213245391800,0.13478946614905600,1.3796260608910500,1655551273.0692600,150397884.647609
25.0,3.8704898357391400,0.1412056102284570,1.4452979552554400,1734357546.306530,117926938.60758300
25.5,3.957793712615970,0.14439068440069000,1.4778985097307100,1773478211.6768500,124794173.61925100
26.0,4.148987531661990,0.15136593586395800,1.5492930999381600,1859151719.9257800,207984199.78101800
26.5,4.421942949295040,0.16132406466619400,1.6512186762148900,1981462411.457860,211857602.798851
27.0,4.621780872344970,0.16861467569183100,1.7258411022705300,2071009322.7246400,139899441.1415380
27.5,4.734150409698490,0.17271421083246800,1.7678015438328400,2121361852.599400,153937642.54119200
28.0,4.9653167724609400,0.18114776542205900,1.8541224710548600,2224946965.2658300,195111993.54179700
28.5,5.1695733070373500,0.18859957897332900,1.9303948717843300,2316473846.1412000,206743847.59001600
29.0,5.4266979694366500,0.19798016034668000,2.026409010713200,2431690812.855840,242499750.49214400
29.5,5.710749387741090,0.20834310032589800,2.1324779971944600,2558973596.6333400,203453976.3264740
30.0,5.8807373046875,0.21454470491926000,2.19595399098527,2635144789.1823200,187694559.23782000
30.5,6.129619121551510,0.22362456569051000,2.288890129892640,2746668155.8711600,248064455.45103900
31.0,6.434331893920900,0.23474128600056600,2.402674370527800,2883209244.6333600,297587412.9947880
31.5,6.793731927871700,0.24785314089850300,2.536879640721630,3044255568.86595,286279802.60717800
32.0,7.073210000991820,0.25804923326283300,2.641240872700450,3169489047.2405300,248894775.6257560
32.5,7.34917950630188,0.26811732388070000,2.7442919537430900,3293150344.491710,269655878.2033120
33.0,7.674989223480230,0.2800037160132200,2.8659541045365400,3439144925.4438500,260455691.35745500
33.5,7.930427074432370,0.2893227580853860,2.961338363207630,3553606035.849160,216296055.14813900
34.0,8.157687664031980,0.2976138198365310,3.0462008171599900,3655440980.591990,266000204.53649900
34.5,8.524048089981080,0.3109796080713990,3.183005200321390,3819606240.3856600,343528412.89340500
35.0,8.924324989318850,0.32558275811960200,3.332474494571160,3998969393.4853900,296567781.5295910
35.5,9.185885429382320,0.33512516828426700,3.43014501826271,4116174021.9152500,278909909.7954510
36.0,9.546756029129030,0.3482906732754490,3.564899419400700,4277879303.2808400,350104202.53237700
36.5,9.96719765663147,0.36362948544044400,3.721898520373020,4466278224.447630,337172702.97136200
37.0,10.299209594726600,0.37574215084236700,3.8458766718768400,4615052006.252200,314778523.4263880
37.5,10.66967511177060,0.38925770355607600,3.984213956561680,4781056747.874020,319483635.47151800
38.0,11.012187242507900,0.40175344349700600,4.11211303476977,4934535641.723720,315733412.994277
38.5,11.3742835521698,0.4149636655973600,4.247325134056920,5096790160.868290,338152591.88573500
39.0,11.766827583313000,0.42928470035303600,4.393906861341220,5272688233.609460,392930860.76692100
39.5,12.25117015838620,0.4469547865114670,4.574767518029350,5489721021.635210,2623102582.613370
40.0,17.62069082260130,0.6428489689541410,6.579825680185680,7895790816.22282,2548744697.3630900
40.5,17.93909215927120,0.6544650839551120,6.698721432498590,8038465718.998300,410550271.96801000
41.0,18.536897897720300,0.6762746035968700,6.921950906825690,8306341088.19083,413278939.95339800
41.5,18.861388683319100,0.688112877649651,7.043120549126420,8451744658.951700,73355347.35532480
42.0,18.700601816177400,0.6822469514607160,6.9830803629551400,8379696435.546160,-1814543591.1671300
42.5,14.811951160430900,0.5403787869354610,5.531000889820480,6637201067.784580,-1495651500.0609400
43.0,15.362821817398100,0.5604759918307540,5.736704112904350,6884044935.485210,402035750.9586560
43.5,15.70915675163270,0.5731111976593450,5.866030682286030,7039236818.743230,426239498.5838290
44.0,16.31404185295110,0.595178991007121,6.091903695057540,7310284434.06904,451976112.1208560
44.5,16.717812061309800,0.6099095861211850,6.242677442386740,7491212930.864090,445488781.7079170
45.0,17.30821967124940,0.631449202651174,6.463144346480800,7755773215.7769600,448366911.5981470
45.5,17.71841287612920,0.6464141255071340,6.616316535385200,7939579842.462240,430095594.3617920
46.0,18.26804518699650,0.6664661522921300,6.821557341782290,8185868810.138750,491625289.3162280
46.5,18.81555151939390,0.6864406178122970,7.026004276482060,8431205131.778460,521705058.54840800
47.0,19.432311534881600,0.7089416391422790,7.2563115572393,8707573868.687160,531874985.00131200
47.5,20.002513647079500,0.7297441061744870,7.469233430649820,8963080116.779780,475287148.0399250
48.0,20.49298906326290,0.7476379344451960,7.652384180605900,9182861016.727080,507506711.7625140
48.5,21.135094165802000,0.7710636109571510,7.892155690451910,9470586828.54229,473067868.44786800
49.0,21.54871392250060,0.7861535434013270,8.046607404312460,9655928885.17495,495267715.4660970
49.5,22.24036145210270,0.8113866574580160,8.304878786673660,9965854544.008390,562214790.1708720
50.0,22.80338406562810,0.8319271975677390,8.515119729454850,10218143675.345800,554990940.5499400
50.5,23.478910446167000,0.8565721698677900,8.76737123713194,10520845484.558300,605404793.6079660
51.0,24.154439449310300,0.8812172378473210,9.01962372412816,10823548468.953800,601858411.9559080
51.5,24.822051525116000,0.9055734755745340,9.268919913761870,11122703896.514200,543391457.450367
52.0,25.36710238456730,0.9254583590080720,9.472449938670130,11366939926.404200,503938963.1476520
52.5,25.946670055389400,0.9466025061574720,9.688869049718240,11626642859.661900,503489295.4153580
53.0,26.49071741104130,0.9664507791431390,9.892024351516260,11870429221.819500,629367735.5623000
53.5,27.351202487945600,0.9978435292945030,10.213342162686800,12256010595.224200,632917749.598032
54.0,27.903172254562400,1.0179808325895800,10.419455809514600,12503346971.417500,501455053.72122
54.5,28.470277786254900,1.0386703282516400,10.631221374121200,12757465648.945400,595096516.0708830
55.0,29.231223106384300,1.066431607273020,10.915369572907000,13098443487.488400,693124829.5546530
55.5,30.017094135284400,1.0951022414578800,11.20882539875010,13450590478.50010,606991397.4312740
56.0,30.585819244384800,1.1158508235472100,11.42119573743310,13705434884.9197,547602031.1413120
56.5,31.239153623580900,1.1396861734933000,11.665160424701100,13998192509.64140,652206668.4381160
57.0,32.04132032394410,1.1689513164692200,11.964701294464800,14357641553.357800,706334954.3106860
57.5,32.81545042991640,1.19719361102343,12.253772886626700,14704527463.952100,605033328.9595450
58.0,33.39154672622680,1.2182111133353400,12.468895735264500,14962674882.317400,687580102.7059800
58.5,34.34989285469060,1.2531740910520800,12.826756305548400,15392107566.658000,741274639.2335490
59.0,35.04581689834600,1.27856322354627,13.086624601292400,15703949521.55090,599672678.495472
59.5,35.68815612792970,1.301997441626250,13.32648353762790,15991780245.15350,679007784.062233
60.0,36.56112885475160,1.3338457739653400,13.652464421344300,16382957305.613100,725992132.7547670
60.5,37.30832099914550,1.3611053011013700,13.93147698159020,16717772377.908300,662590691.8583580
61.0,38.03980350494390,1.3877916994608000,14.204623331226300,17045547997.471500,730050787.3401410
61.5,38.9375433921814,1.4205436027039800,14.539852637707000,17447823165.248400,662348924.674181
62.0,39.5179386138916,1.4417179410780300,14.756580768454700,17707896922.145700,759302052.5894510
62.5,40.632044553756700,1.4823634448189700,15.172604348198200,18207125217.837900,827182970.4037440
63.0,41.36392664909360,1.5090644212517300,15.445899910457900,18535079892.549400,736452970.4063000
63.5,42.27555441856380,1.5423229908262100,15.786315156870100,18943578188.244200,770494281.3778990
64.0,43.08340501785280,1.5717954973272500,16.087978478272800,19305574173.927300,748516864.4424970
64.5,43.9459867477417,1.6032647388729100,16.410079210572200,19692095052.686700,741636702.4183270
65.0,44.7384831905365,1.6321770855158100,16.706009063621400,20047210876.345700,848841485.419239
65.5,45.840309143066400,1.6723745831441200,17.117447115088300,20540936538.105900,901602178.8372770
66.0,46.75054931640630,1.7055825295761400,17.45734421265240,20948813055.18290,754511365.8582760
66.5,47.52411913871770,1.7338043835144200,17.74620658663680,21295447903.96420,834173813.2952580
67.0,48.612138509750400,1.773498180875270,18.152489057065200,21782986868.478200,933162892.2616810
67.5,49.60661792755130,1.809779395659390,18.52384233018820,22228610796.22590,857316477.5474010
68.0,50.52537417411800,1.8432980307555800,18.86691945502130,22640303346.02560,876891500.0194890
68.5,51.56353831291200,1.8811729786193100,19.254585246871100,23105502296.24540,873695109.2182200
69.0,52.47516131401060,1.9144313742311000,19.59499871270320,23513998455.24380,846936086.5108340
69.5,53.45360851287840,1.9501276916627300,19.960365318963500,23952438382.756200,927609725.4627080
70.0,54.54526734352110,1.9899542660458600,20.36800681725540,24441608180.706500,981588442.595623
70.5,55.6441764831543,2.030045350697390,20.778355687793200,24934026825.351800,889704092.4324720
71.0,56.53078103065490,2.0623910075714000,21.10942689428250,25331312273.13900,1021776067.253750
71.5,57.924429416656500,2.1132349521729700,21.629835743838000,25955802892.605600,1133574213.084300
72.0,59.06052899360660,2.154682841420010,22.05407207185270,26464886486.22330,1011143866.5605000
72.5,60.180954933166500,2.1955589153087700,22.472455632638400,26966946759.16610,1033154295.4534400
73.0,61.36617422103880,2.2387988203081800,22.91503398473060,27498040781.67670,1084869076.0420300
73.5,62.602009773254400,2.2838853392498600,23.376513196006700,28051815835.208100,1092943117.1130900
74.0,63.80524754524230,2.327782605759810,23.825819915658200,28590983898.789800,994812883.2167360
74.5,64.82209014892580,2.36487968815842,24.20552393202070,29046628718.424800,1074578533.0840800
75.0,66.20333743095400,2.415271207995070,24.72130202656160,29665562431.873900,1221066370.3726400
75.5,67.54709053039550,2.4642948418129300,25.223079240664600,30267695088.797500,1202577003.280840
76.0,68.8870759010315,2.513181019012180,25.723449529295600,30868139435.154700,1204597997.4580200
76.5,70.23533916473390,2.5623691954393,26.2269109052129,31472293086.255500,1202511940.879070
77.0,71.57066917419430,2.61108553286542,26.725542813361500,32070651376.033800,1126623646.917690
77.5,72.74957585334780,2.654095137359180,27.16576394431100,32598916733.17320,1233247569.0346500
78.0,74.32285380363460,2.7114924391109900,27.7532491208904,33303898945.06850,1337196881.582140
78.5,75.7337396144867,2.7629652501346600,28.280094678962800,33936113614.755300,1176347988.0859000
79.0,76.94805812835690,2.8072667711409900,28.73353911096200,34480246933.15440,1275628298.7554000
79.5,78.58050346374510,2.8668226541250000,29.34311826125890,35211741913.510700,1247622406.9333600
80.0,79.73232245445250,2.9088440287721400,29.773224450073100,35727869340.08770,1265707831.5932800
80.5,81.40512824058530,2.9698723667472200,30.397874787586700,36477449745.10400,1359462645.6806300
81.0,82.76617574691770,3.019526945841310,30.906109988140300,37087331985.768400,1326431671.5454300
81.5,84.36526775360110,3.0778660120055400,31.503234513874500,37803881416.649400,1239961068.748930
82.0,85.53334259986880,3.1204804428552800,31.93941087876440,38327293054.517300,1289530713.1064100
82.5,87.24305701255800,3.182855304230950,32.57784344146320,39093412129.75580,1467584391.8904500
83.0,88.8084864616394,3.2399662720950300,33.16239787200650,39794877446.407700,1397813673.0506100
83.5,90.36249661445620,3.296660634111820,33.74268816900540,40491225802.80640,1389382803.7006600
84.0,91.9091112613678,3.3530851886963300,34.32021687509030,41184260250.108400,1358418442.2082100
84.5,93.39401960372930,3.407258535614940,34.874703537512200,41849644245.01460,1380044158.9358000
85.0,94.98889541625980,3.465443783969680,35.470253674203500,42564304409.044200,1470654076.602270
85.5,96.6760139465332,3.5269942883516400,36.10024860134740,43320298321.616900,1456398252.6864000
86.0,98.23907566070560,3.584018875042570,36.68391888477550,44020702661.730600,1424486586.897870
86.5,99.85497832298280,3.642971237968250,37.28732075709570,44744784908.51480,1484472839.2938800
87.0,101.55190873146100,3.704879705375080,37.92097958418710,45505175501.02450,1460355627.8680900
87.5,103.11399006843600,3.7618685253371700,38.50428378031910,46205140536.382900,1434324684.4183700
88.0,104.75282835960400,3.8216576400981400,39.11625015453570,46939500185.442900,1475612814.495930
88.5,106.40705060958900,3.882008001984050,39.73396112573230,47680753350.87880,1545995162.6461500
89.0,108.20295810699500,3.9475274129235800,40.40457945674090,48485495348.089000,1600826848.9343400
89.5,109.9795458316800,4.012341987934790,41.06798349984430,49281580199.81310,1557436102.8816800
90.0,111.67862010002100,4.07432866896653,41.7024428758089,50042931450.97070,1523596068.69973
90.5,113.37968850135800,4.136388101194760,42.33764689042740,50805176268.51290,1638347235.6251700
91.0,115.3348479270940,4.207717439733680,43.067732238829900,51681278686.595900,1698126548.9863800
91.5,117.16932320594800,4.274643904391400,43.75275234791600,52503302817.499200,1597064233.6186700
92.0,118.8989462852480,4.337745086087470,44.39861910017880,53278342920.21450,1606075963.8525700
92.5,120.75353264808700,4.4054052557817300,45.09114898445990,54109378781.351800,1697077324.277690
93.0,122.68623948097200,4.475915464905740,45.81285020374350,54975420244.49220,1714054765.0812100
93.5,124.5787136554720,4.544957881238760,46.51952795536080,55823433546.43300,1719858139.0146700
94.0,126.52437162399300,4.6159405817238500,47.246065319589100,56695278383.50690,1715373427.190900
94.5,128.4068374633790,4.684617867769210,47.94900581135330,57538806973.62390,1721992271.2599300
95.0,130.36726641655000,4.7561394524756000,48.68105887897240,58417270654.76680,1606419544.6145200
95.5,131.99181365966800,4.815407192359910,49.28768876519870,59145226518.23840,1678969464.306820
96.0,134.11414909362800,4.892835549694580,50.08020009922800,60096240119.07360,1862365738.4713700
96.5,136.14797377586400,4.967034802900460,50.83966021392480,61007592256.709800,1794909809.5473100
97.0,138.11977076530500,5.038971123355220,51.57595827385080,61891149928.62090,1691172029.9316200
97.5,139.9220883846280,5.10472439233739,52.248970238867900,62698764286.64140,1754458196.0636900
98.0,142.03511834144600,5.18181326148474,53.03800677057050,63645608124.68460,1852214721.7805400
98.5,144.05559492111200,5.25552554093569,53.79248250701830,64550979008.422000,1726070262.9466500
99.0,145.88711380958600,5.322344148726310,54.47639865635940,65371678387.63130,1779344511.3157800
99.5,148.0264801979070,5.4003938398986500,55.27526959978150,66330323519.737800,1880706498.336850
100.0,150.08420419693000,5.475465002799240,56.043654071640100,67252384885.968100,1844656479.191660
100.5,152.14311933517500,5.550579621579500,56.81248333244120,68174979998.92940,1851386217.7976500
101.0,154.21586179733300,5.626198697364930,57.58647591980480,69103771103.76580,1751519277.1642900
101.5,156.0519082546230,5.693182482728630,58.27208273007810,69926499276.0937,1898362340.2095200
102.0,158.45235395431500,5.780757031230320,59.16844453664610,71002133443.9753,3441384289.9809100
102.5,163.73189496994000,5.9733685203379100,61.13990297172890,73367883566.07460,3326213689.575590
103.0,165.875319480896,6.051566262456600,61.94028927795910,74328347133.55090,1962150416.2979600
103.5,168.11074018478400,6.133120266731500,62.775028318643800,75330033982.37260,583448102.6264950
104.0,167.1773750782010,6.0990686621454400,62.4264960301478,74911795236.17740,335530545.044754
104.5,168.8595290184020,6.160438045273890,63.054637106181100,75665564527.41730,1893239397.206670
105.0,171.40243458747900,6.253209903068020,64.00419552782000,76805034633.38410,2185394580.411970
105.5,173.73657846450800,6.338365587362440,64.87579925652440,77850959107.8293,2030013706.36792
106.0,175.93272733688400,6.41848685232814,65.69587361646000,78835048339.75200,1971056273.2311200
106.5,178.1352984905240,6.4988424189413400,66.5183461508837,79822015381.06040,2024219947.5677200
107.0,180.4500904083250,6.583292093059280,67.38272357276640,80859268287.31970,2024014183.715870
107.5,182.6522023677830,6.663630907065540,68.20502463731360,81846029564.77630,2085535225.0503700
108.0,185.1042881011960,6.753089419298800,69.12066959364170,82944803512.37010,2166582892.686200
108.5,187.4872705936430,6.840026864245070,70.01051038121880,84012612457.4625,2105004908.3958300
109.0,189.80193543434100,6.9244719022573600,70.87484035063820,85049808420.76590,2090535735.3563500
109.5,192.1526277065280,7.010231315365340,71.75262349401570,86103148192.81890,2019759059.9075000
110.0,194.3093433380130,7.088913952384830,72.55797290056120,87069567480.67340,2124592003.2019000
110.5,196.89398670196500,7.183208514292690,73.5231168300173,88227740196.02080,2234118093.042270
111.0,199.29512691497800,7.270808400460020,74.41973797809640,89303685573.71570,2072878397.7962300
111.5,201.51993870735200,7.3519753638466,75.25051549484750,90300618593.81700,2055910572.1259900
112.0,203.88321256637600,7.438193786207270,76.13299678820140,91359596145.84160,2113241979.3931300
112.5,206.23596835136400,7.524028481668860,77.01155047767510,92413860573.21010,2152876199.7145200
113.0,208.68769216537500,7.613473790134030,77.92706028796350,93512472345.55620,2208935845.3552900
113.5,211.16555380821200,7.7038726750782,78.8523303488045,94622796418.5654,2241853040.413560
114.0,213.69073748588600,7.795997991841040,79.79527115497480,95754325385.96970,2303616169.4367100
114.5,216.30643320083600,7.891425424873170,80.77201049000180,96926412588.0021,2286385743.7935300
115.0,218.79316449165300,7.982147897814890,81.70059260813610,98040711129.76330,2133815480.037200
115.5,221.06837582588200,8.065153568539530,82.55019005669950,99060228068.0393,2156373971.5261500
116.0,223.60544991493200,8.157712678663310,83.49757091774120,100197085101.28900,2259873830.011020
116.5,226.1116373538970,8.249144962866260,84.43341824837530,101320101898.05000,2296809402.929760
117.0,228.73113894462600,8.344711244218510,85.411578753516,102493894504.21900,2269121131.009860
117.5,231.17553567886400,8.433889241615980,86.32435252421680,103589223029.06000,2258450042.4443100
118.0,233.7712230682370,8.528586718507520,87.29362045555290,104752344546.66300,2306827623.946700
118.5,236.32358193397500,8.62170345733231,88.24670887750570,105896050653.00700,2284433658.071400
119.0,238.86929368972800,8.714577692168830,89.1973151706124,107036778204.73500,2277854129.2139400
119.5,241.40696930885300,8.807158747685810,90.14492065185070,108173904782.22100,2398135707.1229100
120.0,244.2211081981660,8.909825907657090,91.19576159321480,109434913911.85800,2343268551.6764500
120.5,246.63633918762200,8.997939862268140,92.0976444449144,110517173333.89700,2318339502.4987900
121.0,249.3948450088500,9.098577382152200,93.12771117863050,111753253414.35700,2479187327.646880
121.5,252.1690330505370,9.199787030527390,94.16363388462020,112996360661.54400,2437966182.9977400
122.0,254.8355474472050,9.297068462217930,95.15934966446190,114191219597.35400,2351378809.7495000
122.5,257.41650223732000,9.391228455287830,96.12311622607810,115347739471.29400,2336260294.710270
123.0,260.049277305603,9.487278987878930,97.10623324338720,116527479892.06500,2550351279.2966200
123.5,263.1080095767980,9.598869555277230,98.24840895882530,117898090750.59000,2545137313.0322100
124.0,265.7291488647460,9.694495584114960,99.22718100424730,119072617205.0970,2391345820.5166500
124.5,268.4446713924410,9.793564960830950,100.2411971425890,120289436571.10700,2479565095.5493200
125.0,271.26268577575700,9.896373508977610,101.29348525053800,121552182300.64600,2558522967.387730
125.5,274.15441513061500,10.001871372425800,102.3732996154120,122847959538.49500,2545493820.806670
126.0,276.94335293769800,10.103619130888300,103.41473010121100,124097676121.45300,2375455851.2852200
126.5,279.45561599731400,10.195273069651200,104.35284615815000,125223415389.78000,2457430738.2721300
127.0,282.4274935722350,10.303694950162600,105.46258904977100,126555106859.72500,2684914107.8072400
127.5,285.44742131233200,10.413869826595200,106.5902745813230,127908329497.5870,2672762609.223530
128.0,288.3921809196470,10.521302372596900,107.6898912241240,129227869468.94800,2575353723.991580
128.5,291.19472551345800,10.623546542290200,108.7364026846490,130483683221.57900,2493066024.6691900
129.0,293.9558472633360,10.724279498105400,109.76744624468100,131720935493.61800,2463732069.2737900
129.5,296.69292855262800,10.824135394930200,110.78951274237700,132947415290.85200,2559431917.98555
130.0,299.6676194667820,10.932659913428000,111.90030617633600,134280367411.60300,2676097671.6134200
130.5,302.6650586128240,11.04201434702740,113.01959413538800,135623512962.46600,2614831003.9711500
131.0,305.5030233860020,11.14555073766800,114.07933201297900,136895198415.57400,2605202836.86026
131.5,308.47897577285800,11.254121277995100,115.19059649943800,138228715799.32600,2495389361.370100
132.0,311.0718746185300,11.348717021506200,116.15882314745400,139390587776.94400,2565431654.3072200
132.5,314.20413732528700,11.462990171850000,117.32845621136100,140794147453.63300,2672229824.0059200
133.0,317.0353729724880,11.56628106634400,118.3856813341250,142062817600.95000,2586919660.959500
133.5,319.9772527217870,11.67360854757980,119.48422259549400,143381067114.59300,2566954477.7465500
134.0,322.7639329433440,11.775273943407200,120.52481006558100,144629772078.6970,2571645808.100710
134.5,325.7162821292880,11.882983377122600,121.62726076891100,145952712922.69400,2680823830.116910
135.0,328.74661016464200,11.993537683575900,122.75882992401200,147310595908.8140,2671928442.9954800
135.5,331.6791079044340,12.100522884523200,123.85386780474100,148624641365.68900,2656626706.2502100
136.0,334.67528772354100,12.209831374576500,124.97268551255300,149967222615.06400,2616915458.027890
136.5,337.519163608551,12.313583418064300,126.03463068643100,151241556823.71700,2601301015.7818600
137.0,340.4804973602300,12.421620632278000,127.14043635903800,152568523630.8460,2683302825.141880
137.5,343.5073730945590,12.53204898974460,128.27071637404900,153924859648.85900,2590308888.600130
138.0,346.26117634773300,12.632514947624900,129.29902709953800,155158832519.446,2648650098.529540
138.5,349.4182496070860,12.747693251933200,130.47792478949000,156573509747.38800,2743804021.3415500
139.0,352.3844037055970,12.855906325029100,131.58553045065600,157902636540.78800,2587190059.873870
139.5,355.1919684410100,12.958333642641300,132.6339165060520,159160699807.26200,2696687304.314450
140.0,358.4024827480320,13.075461616388700,133.83276987091800,160599323845.10200,2751691956.166570
140.5,361.3327989578250,13.182367229405800,134.9269931361910,161912391763.4290,2718924864.022000
141.0,364.4701883792880,13.296827415734500,136.09854059093700,163318248709.12400,2677013886.9786400
141.5,367.306973695755,13.400320776704000,137.1578380420060,164589405650.40700,2581315961.2934900
142.0,370.2307982444760,13.506989556916500,138.24963722534800,165899564670.4180,2516500347.963620
142.5,372.9229373931890,13.605205846700700,139.25492166530900,167105905998.37100,2626678771.1785600
143.0,376.0926423072820,13.720844986869900,140.4385362013300,168526243441.59600,2877154274.7128300
143.5,379.3437566757200,13.83945415723360,141.65255022757000,169983060273.0840,2764139494.019990
144.0,382.26125144958500,13.945892010674700,142.74198577968000,171290382935.61600,2655080379.1517900
144.5,385.2689833641050,14.055621951436200,143.86511721019600,172638140652.2360,2652757790.294590
145.0,388.1812949180600,14.161870707434600,144.9526172715920,173943140725.91100,2692222036.426820
145.5,391.2770974636080,14.274813695568600,146.1086355738850,175330362688.6630,2704464237.767640
146.0,394.2167294025420,14.382059170792800,147.20633746973200,176647604963.67800,2655994778.325170
146.5,397.2043647766110,14.491055937103900,148.3219645558230,177986357466.98800,2507860830.2218900
147.0,399.8134126663210,14.586240840053400,149.29622149491700,179155465793.90000,2584127639.9293800
147.5,402.9712493419650,14.701446995788200,150.47540425576400,180570485106.91700,2781359236.181730
148.0,406.02045035362200,14.812689837865800,151.61402085840200,181936825030.0820,2646774933.8735700
148.5,408.8779411315920,14.916938588321000,152.68105003399200,183217260040.79100,2564825366.737550
149.0,411.74425888061500,15.021509369807700,153.7513753306830,184501650396.81900,2646756451.450650
149.5,414.7845916748050,15.132428676076600,154.88668041020100,185864016492.24100,2661120178.528720
150.0,417.6829643249510,15.238168904342900,155.96897547945700,187162770575.34800,2550189531.388150
150.5,420.47573804855300,15.340056607090500,157.01183835302500,188414206023.62900,2650015340.618160
151.0,423.596887588501,15.453924319991600,158.17732159663900,189812785915.96600,2741163064.7384600
151.5,426.59307169914200,15.563232966611300,159.2961409069730,191155369088.3680,2613838615.383550
152.0,429.4300768375400,15.666734347260700,160.3555204427920,192426624531.35000,2609623447.795620
152.5,432.4168541431430,15.77569980898600,161.47082711347000,193764992536.1640,2662842783.0702500
153.0,435.37262654304500,15.883534130515700,162.57455609535000,195089467314.42000,2606729720.022520
153.5,438.2341787815090,15.987931053691100,163.64310188015500,196371722256.18600,2608961178.783390
154.0,441.19493103027300,16.095947053155000,164.74869041100300,197698428493.20400,2607097659.1220100
154.5,444.0523245334630,16.20019225477130,165.81568326275700,198978819915.30800,2648135475.2302900
155.0,447.10465908050500,16.311549416430000,166.95546997369500,200346563968.4340,2642233385.9286800
155.5,449.948881149292,16.415314089609000,168.01754441769700,201621053301.23700,2728924816.2858300
156.0,453.19468116760300,16.533729378555900,169.22957398726600,203075488784.72000,2759286949.9315200
156.5,456.1066610813140,16.63996603544930,170.31695020930700,204380340251.16800,2649100300.435850
157.0,459.10656237602200,16.749410294683100,171.43715757096300,205724589085.1560,2671157736.6469700
157.5,462.06776690483100,16.857442794508000,172.54291498984600,207051497987.81500,2650951854.598050
158.0,465.02257561683700,16.965241958178300,173.64628411646100,208375540939.75400,2605766924.6783800
158.5,467.88294291496300,17.06959565162550,174.714387427078,209657264912.4940,2593600896.5599400
159.0,470.81060123443600,17.176404297839900,175.80761819692800,210969141836.31300,2706633732.3363600
159.5,473.9232189655300,17.289960747999900,176.96991553735800,212363898644.83000,2720288503.5884700
160.0,476.8813500404360,17.397881120173700,178.0745252832520,213689430339.90200,2703500694.579830
160.5,479.9565031528470,17.510070762883600,179.22283278284200,215067399339.4100,2749144266.3561100
161.0,483.01649498939500,17.621707282526200,180.3654788385480,216438574606.25800,2658888185.593810
161.5,485.89022755622900,17.726548575994000,181.43857293750300,217726287525.0040,2690228926.136140
162.0,489.020161151886,17.840736754262400,182.60733627699500,219128803532.3940,2599759389.4153100
162.5,491.69199681282000,17.938212319615600,183.6050390953490,220326046914.4190,2582268500.495450
163.0,494.78289675712600,18.0509764480111,184.75922669407500,221711072032.89000,2736912641.6619000
163.5,497.79984498024000,18.16104262385760,185.88579963006700,223062959556.0810,2621780181.285190
164.0,500.63380885124200,18.264433051104100,186.94404351181200,224332852214.17500,2637741729.8420100
164.5,503.68637776374800,18.375798763028900,188.08391773826900,225700701285.92300,2722863115.771940
165.0,506.7103033065800,18.486119489779800,189.213096108289,227055715329.94700,2519575160.7464900
165.5,509.30920338630700,18.580934174033000,190.1835637055580,228220276446.6690,2551097947.8119500
166.0,512.4034769535070,18.693821381030900,191.339011064799,229606813277.75900,2673699550.542630
166.5,515.2759816646580,18.79861787910630,192.41164666434300,230893975997.21200,2714586729.563140
167.0,518.4615013599400,18.914833983929500,193.60116667276800,232321400007.32200,2746982250.224460
167.5,521.4063017368320,19.022268017312100,194.70079853953000,233640958247.4360,2612466856.3712500
168.0,524.2916293144230,19.12753232715240,195.77822238641100,234933866863.6930,2582099380.984890
168.5,527.1686599254610,19.232493941914000,196.85254802368400,236223057628.4210,2593153258.689150
169.0,530.0786559581760,19.338658221630600,197.93918343531900,237527020122.38200,2611795826.9042700
169.5,532.9972903728490,19.445137652154400,199.02904454610500,238834853455.32600,2675771077.586910
170.0,536.0500571727750,19.556510583530800,200.168992666641,240202791199.96900,2666431471.308720
170.5,538.9478487968450,19.662229614443500,201.25107077219500,241501284926.63400,2599036758.7330900
171.0,541.850213766098,19.76811549297100,202.3348566322520,242801827958.70200,2587050747.276310
171.5,544.7212567329410,19.87285866278420,203.4069463949260,244088335673.91100,2672617313.876400
172.0,547.8145768642430,19.985711085942400,204.56203772714900,245474445272.57900,2526924968.6132500
172.5,550.3604846000670,20.078592470645500,205.5127172021030,246615260642.52400,2545636872.622710
173.0,553.4955632686620,20.192968354655100,206.68340178766800,248020082145.2010,2735179887.8129900
173.5,556.4644658565520,20.301281699844900,207.79203377528100,249350440530.33700,2623744659.845700
174.0,559.3508594036100,20.40658489904430,208.86985567087300,250643826805.0470,2655597993.8258100
174.5,562.3908476829530,20.517491636508900,210.0050321034690,252006038524.16300,2599593047.6098600
175.0,565.1522574424740,20.618235099670500,211.03618321054700,253243419852.65700,2564859874.3825100
175.5,568.1147332191470,20.726313977948200,212.14241533212100,254570898398.54500,2595139424.716920
176.0,570.9437165260320,20.82952270116620,213.1987993978120,255838559277.37400,2534451053.923070
176.5,573.7707567214970,20.932660534588500,214.25445787705700,257105349452.4680,2590663900.6872300
177.0,576.7251877784730,21.040445920413800,215.35768598171800,258429223178.0610,2626358266.7364200
177.5,579.6318855285650,21.146489870138600,216.44308976600400,259731707719.20500,2554680119.126650
178.0,582.426355600357,21.248439460112700,217.48658608099000,260983903297.18800,2652938447.965090
178.5,585.552332162857,21.362483275443700,218.65387180597500,262384646167.1700,2663917754.9691800
179.0,588.3713042736050,21.465326763996400,219.70651754346400,263647821052.15700,2643092872.00766
179.5,591.4508068561550,21.577675086773000,220.85644919931400,265027739039.17700,2622593087.3852200
180.0,594.2240304946900,21.67884955119440,221.8920117829520,266270414139.54200,2548418530.6757800
180.5,597.1380009651180,21.78515882881220,222.98013130821100,267576157569.85300,2541274807.1654100
181.0,599.8952822685240,21.885751675077800,224.009740788923,268811688946.70800,2535503056.3369400
181.5,602.7963721752170,21.99159103598230,225.0930505218250,270111660626.1900,2664180248.1072700
182.0,605.8408167362210,22.10266035027780,226.22989099567900,271475869194.81500,2592583722.295470
182.5,608.5821278095250,22.202670560705900,227.2535369570710,272704244348.48600,2500708132.5870700
183.0,611.4215376377110,22.306259670739300,228.3138144395020,273976577327.4020,2605761369.268040
183.5,614.3972914218900,22.41482296552040,229.42500476479500,275310005717.7540,2666014388.1947300
184.0,617.3711652755740,22.52331767551150,230.53549309633100,276642591715.5970,2676644131.687200
184.5,620.3706409931180,22.632746408575300,231.6555415412010,277986649849.4410,2608699540.3237300
185.0,623.1928858757020,22.735709296419500,232.70940937993400,279251291255.92000,2536266070.5788000
185.5,626.0307149887090,22.839240737821600,233.76909660001600,280522915920.0200,2608335981.451600
186.0,629.0137951374050,22.948071317576000,234.88302269781,281859627237.37200,2617948871.184140
186.5,631.873076915741,23.05238540841720,235.95072065933600,283140864791.20400,2524165425.366580
187.0,634.6468646526340,23.153580452624600,236.98649388561500,284383792662.7390,2535964689.5683600
187.5,637.5324783325200,23.258855200226200,238.0640245673100,285676829480.7720,2648143487.8413700
188.0,640.556610584259,23.369183468259700,239.19328012548300,287031936150.5800,2583969738.07428
188.5,643.299010515213,23.46923340306770,240.21733268237200,288260799218.8460,2533980873.906430
189.0,646.2115848064420,23.575491744410300,241.30493085373900,289565917024.4860,2675773000.6134600
189.5,649.270416021347,23.687085921534400,242.44714351621700,290936572219.46000,2648659606.828000
190.0,652.1224825382230,23.79113678073280,243.51214719276200,292214576631.31400,2552096746.4884000
190.5,654.96581864357,23.89486913164430,244.57389080495700,293488668965.94800,2589621086.067380
191.0,657.9016265869140,24.00197509749020,245.6701647644850,294804197717.3820,2568829749.237490
191.5,660.6985635757450,24.10401468706140,246.71458226265500,296057498715.1860,2451655782.399110
192.0,663.3728795051580,24.201580739107200,247.71321124981700,297255853499.7810,4000150131.8501600
192.5,669.6255235672000,24.429693576962800,250.04804070586300,300057648847.0360,2947696020.4056400
193.0,669.951123714447,24.44157232343520,250.16962460015500,300203549520.18600,1388014677.0720200
193.5,672.7230951786040,24.54270110525450,251.2047196034230,301445663524.1080,2493268156.137330
194.0,675.5152411460880,24.64456590581400,252.24734806360300,302696817676.3240,3033726677.437870
194.5,679.4933302402500,24.789697018909200,253.73282516795500,304479390201.5460,2337030146.380250
195.0,680.7306890487670,24.83483911023180,254.1948731855870,305033847822.70400,1952095230.4353000
195.5,683.8497357368470,24.948630105587100,255.3595711933180,306431485431.9810,2566883005.2559800
196.0,686.4590895175930,25.043826168243100,256.3339423566330,307600730827.96,2450643949.8754300
196.5,689.3187305927280,25.148153367172800,257.40177448488000,308882129381.8570,2527637770.4924900
197.0,692.0999081134800,25.24961801005730,258.4403071653770,310128368598.4530,2526699867.660030
197.5,694.957456111908,25.353868848064800,259.50735770793000,311408829249.51700,2530457034.4001500
198.0,697.7470183372500,25.45563938694140,260.5490213607110,312658825632.85300,2524877158.897710
198.5,700.5921139717100,25.55943593008510,261.61142200701200,313933706408.41400,2480176724.859740
199.0,703.2819201946260,25.65756710862380,262.61583529809400,315139002357.7120,2465455314.82428
199.5,706.0941627025600,25.76016508363370,263.6659681026990,316399161723.2390,2553587839.987980
200.0,708.9806504249570,25.865471718596100,264.7438251647500,317692590197.7000,2647203768.8170800
200.5,712.001811504364,25.975691590478200,265.87197124338000,319046365492.0560,2447327369.908330
201.0,714.4422438144680,26.064724955296100,266.7832646396740,320139917567.6090,2510270809.956910
201.5,717.6038730144500,26.18006947225550,267.9638635850110,321556636302.0130,2533190616.7869900
202.0,720.095454454422,26.270968891346200,268.8942568203300,322673108184.3960,2394903633.4938400
202.5,722.9484746456150,26.375054543082500,269.959616612922,323951539935.50600,2496999789.3569300
203.0,725.6678996086120,26.474266290863000,270.9750899781270,325170107973.7530,2465772186.8826900
203.5,728.4512305259710,26.575809495297800,272.0144267686580,326417312122.38900,2507600580.614930
204.0,731.264002084732,26.67842677146810,273.0647571286400,327677708554.36800,2507079974.56604
204.5,734.0461711883550,26.77992758989380,274.1036600807960,328924392096.9550,2463717860.2435300
205.0,736.7621734142300,26.87901446725630,275.1178553455090,330141426414.6110,2440525945.142150
205.5,739.4925861358640,26.97862707726080,276.13743170174800,331364918042.0970,2347631151.3077400
206.0,742.0012791156770,27.07015077015860,277.07421463826600,332489057565.9190,2325871677.3930100
206.5,744.6831321716310,27.167991796328500,278.0756580995750,333690789719.49000,2443891775.958500
207.0,747.4552054405210,27.269124292251200,279.11079111823100,334932949341.8770,2473032680.8448500
207.5,750.2020909786220,27.369337873760600,280.13651866694600,336163822400.3350,2597017260.243350
208.0,753.2508552074430,27.48056478085600,281.2749721684340,337529966602.12100,2491445661.0446800
208.5,755.7621412277220,27.572183074664,282.2127233844830,338655268061.38000,2275271183.914860
209.0,758.3284783363340,27.665809776413100,283.1710314883630,339805237786.0360,2338788647.4193100
209.5,760.9815135002140,27.762599450374700,284.1617139239990,340994056708.7990,2421241727.0338100
210.0,763.7318575382230,27.862939207022400,285.1887329275580,342226479513.06900,2440271144.110720
210.5,766.4273598194120,27.96127819269110,286.1952732107580,343434327852.9100,2327250914.842290
211.0,768.9254815578460,28.052416219005800,287.1281086899260,344553730427.9120,2176337231.7124600
211.5,771.2841963768010,28.13846831563970,288.00888757051900,345610665084.62200,2504999152.8930100
212.0,774.5157785415650,28.256364900037200,289.2156079840040,347058729580.8050,2479536463.819090
212.5,776.8176693916320,28.340343909402300,290.07516795703400,348090201548.44100,2324168303.117980
213.0,779.7025232315060,28.445590936049400,291.1524149032690,349382897883.9230,2436095505.4039300
213.5,782.2541971206670,28.538682685133900,292.1052475448710,350526297053.8450,2241582427.82959
214.0,784.7049646377560,28.628093105381800,293.0204002597940,351624480311.7520,2359101898.456420
214.5,787.5189015865330,28.73075289803320,294.0711657935850,352885398952.3020,2412715454.1950100
215.0,790.0893161296840,28.824528355277500,295.0309964716230,354037195765.9470,2255833016.8396000
215.5,792.5531454086300,28.91441530282090,295.9510266409510,355141231969.1410,2281548690.7529900
216.0,795.1809484958650,29.010284444516300,296.9322870472500,356318744456.7000,2385918825.6330600
216.5,797.8776960372930,29.10866886054120,297.93929232897900,357527150794.77400,2420373266.8305700
217.0,800.5823895931240,29.207343167990800,298.949264769609,358739117723.53100,2362546146.026250
217.5,803.1500868797300,29.301019492596800,299.9080807840010,359889696940.8010,2228411618.285100
218.0,805.5554382801060,29.388773013912800,300.8062744515130,360967529341.81600,2251178330.82666
218.5,808.1739430427550,29.484302928365000,301.78406272635600,362140875271.62700,2332504409.987920
219.0,810.7607862949370,29.578677747959400,302.75002812650300,363300033751.8040,2378628631.5925900
219.5,813.4822244644170,29.67796294278720,303.76625325268300,364519503903.22000,2255065942.874760
220.0,815.793318271637,29.762277700141700,304.62924974556500,365555099694.6790,2214375339.9121700
220.5,818.4239490032200,29.858250001711700,305.6115660359430,366733879243.132,2357481748.501530
221.0,821.054407119751,29.954216005832200,306.5938178693170,367912581443.18000,2357404400.0960700